Title,Genre,Year,Director,Writer,Cast,Runtime,Source Image Filename
Peaky Blinders,"Crime, Drama",2013,"Otto Bathurst, Tom Harper, Colm McCarthy","Steven Knight, Toby Finlay, Stephen Russell","Cillian Murphy, Helen McCrory, Paul Anderson, Sam Neill, Sophie Rundle",55-83 min/episode (36 episodes),Film_cards_-_9_of_50.jpeg
The Bourne Identity,"Action, Thriller",2002,Doug Liman,"Tony Gilroy, William Blake Herron","Matt Damon, Franka Potente, Julia Stiles",119 min,Film_cards_-_10_of_50.jpeg
Indiana Jones and the Last Crusade,"Action, Adventure",1989,Steven Spielberg,"Jeffrey Boam (screenplay); George Lucas, Menno Meyjes (story)","Harrison Ford, Denholm Elliott, Julian Glover, Alison Doody, John Rhys-Davies, Sean Connery",127 min,Film_cards_-_4_of_50.jpeg
Pitch Perfect,"Comedy, Music",2012,Jason Moore,Kay Cannon,"Anna Kendrick, Brittany Snow, Rebel Wilson",112 min,Film_cards_-_1_of_50.jpeg
Zoolander,Comedy,2001,Ben Stiller,"Ben Stiller, Drake Sather, John Hamburg","Ben Stiller, Owen Wilson, Will Ferrell",89 min,Film_cards_-_18_of_50.jpeg
Saw,"Horror, Mystery, Thriller",2004,James Wan,"Leigh Whannell (screenplay); James Wan, Leigh Whannell (story)","Cary Elwes, Leigh Whannell, Shawnee Smith, Tobin Bell",103 min,Film_cards_-_15_of_50.jpeg
The Hunger Games,"Action, Adventure, Sci-Fi",2012,Gary Ross,"Gary Ross, Suzanne Collins, Billy Ray","Jennifer Lawrence, Liam Hemsworth, Josh Hutcherson",142 min,Film_cards_-_12_of_50.jpeg
Beauty and the Beast,"Animation, Family, Fantasy, Musical, Romance",1991,"Gary Trousdale, Kirk Wise",Linda Woolverton,"Paige O'Hara, Robby Benson, Angela Lansbury",84 min,Film_cards_-_6_of_50.jpeg
All Quiet on the Western Front,"War, Drama",2022,Edward Berger,"Edward Berger, Lesley Paterson, Ian Stokell","Felix Kammerer, Albrecht Schuch, Aaron Hilmer",148 min,Film_cards_-_3_of_50.jpeg
Keeping Up with the Joneses,"Action, Comedy",2016,Greg Mottola,Michael LeSieur,"Gal Gadot, Zach Galifianakis, Jon Hamm, Isla Fisher",105 min,Film_cards_-_17_of_50.jpeg
What We Do in the Shadows,"Comedy, Horror",2014,"Jemaine Clement, Taika Waititi","Jemaine Clement, Taika Waititi","Taika Waititi, Jemaine Clement, Jonathan Brugh",86 min,Film_cards_-_20_of_50.jpeg
In Time,"Action, Crime, Sci-Fi, Thriller",2011,Andrew Niccol,Andrew Niccol,"Justin Timberlake, Amanda Seyfried, Cillian Murphy",109 min,Film_cards_-_19_of_50.jpeg
Mamma Mia!,"Comedy, Musical, Romance",2008,Phyllida Lloyd,Catherine Johnson,"Meryl Streep, Amanda Seyfried, Pierce Brosnan, Colin Firth, Christine Baranski, Stellan Skarsgard, Dominic Cooper, Julie Walters",109 min,Film_cards_-_14_of_50.jpeg
Percy Jackson & the Olympians: The Lightning Thief,"Adventure, Family, Fantasy",2010,Chris Columbus,Craig Titley,"Logan Lerman, Brandon T. Jackson, Alexandra Daddario",118 min,Film_cards_-_8_of_50.jpeg
Knives Out,"Comedy, Crime, Drama, Mystery",2019,Rian Johnson,Rian Johnson,"Daniel Craig, Chris Evans, Ana de Armas",130 min,Film_cards_-_11_of_50.jpeg
Gilmore Girls,"Comedy, Drama",2000,Amy Sherman-Palladino,Amy Sherman-Palladino (creator),"Lauren Graham, Alexis Bledel, Kelly Bishop, Edward Herrmann, Melissa McCarthy, Keiko Agena, Scott Patterson, Liza Weil, Yanic Truesdale, Sean Gunn",39-45 min/episode (153 episodes),Film_cards_-_5_of_50.jpeg
Forrest Gump,"Drama, Romance",1994,Robert Zemeckis,Eric Roth,"Tom Hanks, Robin Wright, Gary Sinise",142 min,Film_cards_-_2_of_50.jpeg
Saw II,"Horror, Crime, Mystery, Thriller",2005,Darren Lynn Bousman,"Leigh Whannell, Darren Lynn Bousman","Donnie Wahlberg, Beverley Mitchell, Shawnee Smith, Tobin Bell",93 min,Film_cards_-_16_of_50.jpeg
The Lord of the Rings: The Fellowship of the Ring,"Adventure, Fantasy",2001,Peter Jackson,"Fran Walsh, Philippa Boyens, Peter Jackson","Elijah Wood, Sean Astin, Billy Boyd, Ian McKellen, Orlando Bloom, Dominic Monaghan",178 min,Film_cards_-_13_of_50.jpeg
Raiders of the Lost Ark,"Action, Adventure",1981,Steven Spielberg,"Lawrence Kasdan, George Lucas, Philip Kaufman","Harrison Ford, Karen Allen, Paul Freeman",115 min,Film_cards_-_7_of_50.jpeg
Chronicles of Narnia,"Adventure, Family, Fantasy",2005,Andrew Adamson,"Ann Peacock, Andrew Adamson, Christopher Markus, Stephen McFeely","Georgie Henley, James McAvoy, Tilda Swinton",143 min,Film_cards_-_27_of_50.jpeg
Taken,"Action, Thriller",2008,Pierre Morel,"Luc Besson, Robert Mark Kamen","Liam Neeson, Maggie Grace, Famke Janssen",90 min,Film_cards_-_33_of_50.jpeg
Jurassic Park,"Adventure, Sci-Fi",1993,Steven Spielberg,"Michael Crichton, David Koepp","Sam Neill, Laura Dern, Jeff Goldblum",127 min,Film_cards_-_22_of_50.jpeg
Murder Mystery,"Action, Comedy, Crime, Mystery",2019,Kyle Newacheck,James Vanderbilt,"Jennifer Aniston, Adam Sandler",97 min,Film_cards_-_25_of_50.jpeg
Kung Fu Panda,"Animation, Action, Adventure, Comedy",2008,"John Stevenson, Mark Osborne","Jonathan Aibel, Glenn Berger","Jack Black, Dustin Hoffman, Angelina Jolie, Seth Rogen, Lucy Liu, David Cross, Jackie Chan, Randall Duk Kim, Ian McShane, Riley Osborne, James Hong, Dan Fogler, Michael Clarke Duncan, Kyle Gass, JR Reed, Wayne Knight",92 min,Film_cards_-_28_of_50.jpeg
Dawn of the Planet of the Apes,"Action, Drama, Sci-Fi",2014,Matt Reeves,"Mark Bomback, Rick Jaffa, Amanda Silver","Andy Serkis, Jason Clarke, Gary Oldman, Toby Kebbell, Keri Russell, Nick Thurston, Terry Notary",130 min,Film_cards_-_34_of_50.jpeg
Doctor Strange,"Action, Adventure, Fantasy",2016,Scott Derrickson,"Jon Spaihts, Scott Derrickson, C. Robert Cargill","Benedict Cumberbatch, Chiwetel Ejiofor, Rachel McAdams",115 min,Film_cards_-_31_of_50.jpeg
Rush Hour,"Action, Comedy, Thriller",1998,Brett Ratner,"Ross LaManna, Jim Kouf","Jackie Chan, Chris Tucker, Tom Wilkinson",98 min,Film_cards_-_32_of_50.jpeg
Jumanji,"Action, Adventure, Comedy, Fantasy",2017,Jake Kasdan,"Chris McKenna, Erik Sommers, Scott Rosenberg, Jeff Pinkner","Dwayne Johnson, Karen Gillan, Kevin Hart",119 min,Film_cards_-_23_of_50.jpeg
Mulan,"Animation, Adventure, Comedy, Musical",1998,"Barry Cook, Tony Bancroft","Rita Hsiao, Chris Sanders, Philip LaZebnik","Ming-Na Wen, Eddie Murphy, BD Wong",88 min,Film_cards_-_26_of_50.jpeg
Home Alone,"Comedy, Family",1990,Chris Columbus,John Hughes,"Macaulay Culkin, Joe Pesci, Daniel Stern",103 min,Film_cards_-_30_of_50.jpeg
Notting Hill,"Comedy, Drama, Romance",1999,Roger Michell,Richard Curtis,"Julia Roberts, Hugh Grant, Hugh Bonneville",124 min,Film_cards_-_21_of_50.jpeg
Ready Player One,"Action, Adventure, Sci-Fi",2018,Steven Spielberg,"Zak Penn, Ernest Cline","Tye Sheridan, Olivia Cooke, Mark Rylance, Ben Mendelson, Win Morisaki",140 min,Film_cards_-_24_of_50.jpeg
The Martian,"Adventure, Drama, Sci-Fi",2015,Ridley Scott,Drew Goddard,"Matt Damon, Jessica Chastain, Sebastian Stan",144 min,Film_cards_-_29_of_50.jpeg
Rise of the Planet of the Apes,"Action, Drama, Sci-Fi",2011,Rupert Wyatt,"Rick Jaffa, Amanda Silver","Andy Serkis, James Franco, John Lithgow, David Oyelowo, Freida Pinto, Tom Felton, Terry Notary, Tyler Labine",105 min,Film_cards_-_35_of_50.jpeg
Harry Potter and the Sorcerer's Stone,"Adventure, Family, Fantasy",2001,Chris Columbus,J.K. Rowling (novel); Steve Kloves (screenplay),"Daniel Radcliffe, Emma Watson, Rupert Grint, Tom Felton, Alan Rickman",152 min,Film_cards_-_45_of_50.jpeg (or your own still)
Harry Potter and the Chamber of Secrets,"Adventure, Family, Fantasy",2002,Chris Columbus,J.K. Rowling (novel); Steve Kloves (screenplay),"Daniel Radcliffe, Emma Watson, Rupert Grint, Tom Felton, Alan Rickman",161 min,Film_cards_-_45_of_50.jpeg (or your own still)
Harry Potter and the Prisoner of Azkaban,"Adventure, Family, Fantasy",2004,Alfonso Cuarón,J.K. Rowling (novel); Steve Kloves (screenplay),"Daniel Radcliffe, Emma Watson, Rupert Grint, Tom Felton, Alan Rickman",142 min,Film_cards_-_45_of_50.jpeg (or your own still)
Harry Potter and the Goblet of Fire,"Adventure, Family, Fantasy",2005,Mike Newell,J.K. Rowling (novel); Steve Kloves (screenplay),"Daniel Radcliffe, Emma Watson, Rupert Grint, Tom Felton, Alan Rickman",157 min,Film_cards_-_45_of_50.jpeg (or your own still)
Harry Potter and the Order of the Phoenix,"Adventure, Family, Fantasy",2007,David Yates,J.K. Rowling (novel); Michael Goldenberg (screenplay),"Daniel Radcliffe, Emma Watson, Rupert Grint, Tom Felton, Alan Rickman",138 min,Film_cards_-_45_of_50.jpeg (or your own still)
Harry Potter and the Half-Blood Prince,"Adventure, Family, Fantasy",2009,David Yates,J.K. Rowling (novel); Steve Kloves (screenplay),"Daniel Radcliffe, Emma Watson, Rupert Grint, Tom Felton, Alan Rickman",153 min,Film_cards_-_45_of_50.jpeg (or your own still)
Harry Potter and the Deathly Hallows: Part 1,"Adventure, Family, Fantasy",2010,David Yates,J.K. Rowling (novel); Steve Kloves (screenplay),"Daniel Radcliffe, Emma Watson, Rupert Grint, Tom Felton, Alan Rickman",146 min,Film_cards_-_45_of_50.jpeg (or your own still)
Harry Potter and the Deathly Hallows: Part 2,"Adventure, Family, Fantasy",2011,David Yates,J.K. Rowling (novel); Steve Kloves (screenplay),"Daniel Radcliffe, Emma Watson, Rupert Grint, Tom Felton, Alan Rickman",130 min,Film_cards_-_45_of_50.jpeg (or your own still)
Avatar: The Last Airbender,"Action, Adventure, Fantasy",2005-2008,"Michael Dante DiMartino, Bryan Konietzko (creators)","Michael Dante DiMartino, Bryan Konietzko","Aang, Katara, Sokka, Appa, Toph, Zuko, Iroh, Azula, Mai, Ty Lee, Suki",23 min/episode (61 episodes),Film_cards_-_36_of_50.jpeg
Grease,"Comedy, Musical, Romance",1978,Randal Kleiser,Bronte Woodard,"John Travolta, Olivia Newton-John",110 min,Film_cards_-_48_of_50.jpeg
Gladiator,"Action, Adventure, Drama",2000,Ridley Scott,"David Franzoni, John Logan, William Nicholson","Russell Crowe, Joaquin Phoenix, Connie Nielsen, Oliver Reed, Derek Jacobi, Djimon Hounsou, Richard Harris, Ralf Möller, Tommy Flanagan, David Schofield, John Shrapnel, Tomas Arana, Spencer Treat Clark, David Hemmings",155 min,Film_cards_-_40_of_50.jpeg
High School Musical,"Comedy, Drama, Family, Musical, Romance",2006,Kenny Ortega,Peter Barsocchini,"Zac Efron, Vanessa Hudgens, Lucas Grabeel",98 min,Film_cards_-_47_of_50.jpeg
Grown Ups,Comedy,2010,Dennis Dugan,"Adam Sandler, Fred Wolf","Adam Sandler, Kevin James, David Spade, Chris Rock, Rob Schneider",102 min,Film_cards_-_39_of_50.jpeg
Fantastic Beasts,"Adventure, Family, Fantasy",2016,David Yates,J.K. Rowling,"Eddie Redmayne, Katherine Waterston, Alison Sudol",132 min,Film_cards_-_42_of_50.jpeg
Dexter,"Crime, Drama, Mystery",2006,"John Dahl, Steve Shill, Keith Gordon",James Manos Jr. (developer),"Michael C. Hall, Jennifer Carpenter, David Zayas",47-58 min/episode (96 episodes),Film_cards_-_50_of_50.jpeg
Michael,"Biography, Drama, Music",2026,Antoine Fuqua,John Logan,"Jafaar Jackson, Colman Domingo, Nia Long, Kendrick Sampson, Miles Teller",127 min,Film_cards_-_41_of_50.jpeg
Back to the Future,"Adventure, Comedy, Sci-Fi",1985,Robert Zemeckis,"Robert Zemeckis, Bob Gale","Michael J. Fox, Christopher Lloyd, Lea Thompson",116 min,Film_cards_-_44_of_50.jpeg
Game Night,"Action, Comedy, Mystery",2018,"John Francis Daley, Jonathan Goldstein",Mark Perez,"Jason Bateman, Rachel McAdams, Billy Magnussen",100 min,Film_cards_-_37_of_50.jpeg
Elvis,"Biography, Drama, Music",2022,Baz Luhrmann,"Baz Luhrmann, Sam Bromell, Craig Pearce, Jeremy Doner","Austin Butler, Tom Hanks",159 min,Film_cards_-_49_of_50.jpeg
The Greatest Showman,"Biography, Drama, Musical",2017,Michael Gracey,"Jenny Bicks, Bill Condon","Hugh Jackman, Michelle Williams, Zac Efron, Keala Settle, Zendaya",105 min,Film_cards_-_43_of_50.jpeg
The Parent Trap,"Comedy, Family, Romance",1998,Nancy Meyers,"David Swift; Nancy Meyers, Charles Shyer (screenplay)","Lindsay Lohan, Natasha Richardson, Dennis Quaid, Elaine Hendrix",128 min,Film_cards_-_46_of_50.jpeg
Tag,"Action, Comedy",2018,Jeff Tomsic,"Rob McKittrick, Mark Steilen","Jeremy Renner, Jon Hamm, Jake Johnson, Isla Fisher, Ed Helms, Annabelle Wallis, Hannibal Buress",101 min,Film_cards_-_38_of_50.jpeg
